{
	"description": "项目配置文件。",
	"packOptions": {
		"ignore": []
	},
	"setting": {
		"urlCheck": false,
		"es6": true,
		"enhance": true,
		"postcss": true,
		"preloadBackgroundData": false,
		"minified": true,
		"newFeature": true,
		"coverView": true,
		"nodeModules": true,
		"autoAudits": false,
		"showShadowRootInWxmlPanel": true,
		"scopeDataCheck": false,
		"uglifyFileName": true,
		"checkInvalidKey": true,
		"checkSiteMap": true,
		"uploadWithSourceMap": true,
		"babelSetting": {
			"ignore": [],
			"disablePlugins": [],
			"outputPath": ""
		}
	},
	"compileType": "miniprogram",
	"libVersion": "2.8.3",
	"appid": "wxf00e29bc9530f927",
	"projectname": "practive-zlx",
	"isGameTourist": false,
	"simulatorType": "wechat",
	"simulatorPluginLibVersion": {},
	"condition": {
		"search": {
			"current": -1,
			"list": []
		},
		"conversation": {
			"current": -1,
			"list": []
		},
		"plugin": {
			"current": -1,
			"list": []
		},
		"game": {
			"currentL": -1,
			"list": []
		},
		"gamePlugin": {
			"current": -1,
			"list": []
		},
		"miniprogram": {
			"current": 44,
			"list": [
				{
					"id": 0,
					"name": "搜索",
					"pathName": "pages/search/index",
					"query": ""
				},
				{
					"id": -1,
					"name": "公告",
					"pathName": "pages/notice/notice",
					"query": ""
				},
				{
					"id": 2,
					"name": "公告详情",
					"pathName": "pages/notice/noticeDetail",
					"query": "aid=1"
				},
				{
					"id": -1,
					"name": "个人中心",
					"pathName": "pages/usercenter/usercenter",
					"query": ""
				},
				{
					"id": 4,
					"name": "课程详情",
					"pathName": "pages/introduce/index",
					"query": "id=24"
				},
				{
					"id": 5,
					"name": "课程章节",
					"pathName": "pages/introduce/section",
					"query": "idx=0&id=23"
				},
				{
					"id": 6,
					"name": "课程章节",
					"pathName": "pages/introduce/video",
					"query": "id=22"
				},
				{
					"id": 7,
					"name": "评价",
					"pathName": "pages/introduce/answer",
					"query": "id=22"
				},
				{
					"id": -1,
					"name": "vip",
					"pathName": "pages/vip/index",
					"query": ""
				},
				{
					"id": -1,
					"name": "vip开通",
					"pathName": "pages/vip/openVip",
					"query": ""
				},
				{
					"id": -1,
					"name": "我的足迹",
					"pathName": "pages/footprint/index",
					"query": ""
				},
				{
					"id": -1,
					"name": "我的收藏",
					"pathName": "pages/collect/index",
					"query": ""
				},
				{
					"id": -1,
					"name": "收藏讲师",
					"pathName": "pages/collect/teacherCollet",
					"query": ""
				},
				{
					"id": 13,
					"name": "讲师介绍",
					"pathName": "pages/teacher/index",
					"query": "id=61"
				},
				{
					"id": -1,
					"name": "我的课程",
					"pathName": "pages/myCurse/index",
					"query": ""
				},
				{
					"id": -1,
					"name": "学习记录",
					"pathName": "pages/myRecord/index",
					"query": ""
				},
				{
					"id": 15,
					"name": "申请讲师",
					"pathName": "pages/askTeacher/index",
					"query": ""
				},
				{
					"id": 16,
					"name": "获取用户信息",
					"pathName": "pages/common/getSetting",
					"query": ""
				},
				{
					"id": 17,
					"name": "评价页面",
					"pathName": "pages/introduce/coment",
					"query": "orderid=free&lessonid=22"
				},
				{
					"id": 18,
					"name": "确认订单",
					"pathName": "pages/introduce/confirm",
					"query": "id=27&spec_id=96"
				},
				{
					"id": 19,
					"name": "订单详情",
					"pathName": "pages/pay/orderDetail",
					"query": "id=1000000025"
				},
				{
					"id": 20,
					"name": "订单详情1",
					"pathName": "pages/pay/index",
					"query": "level_id=1000000039"
				},
				{
					"id": 21,
					"name": "课程详情图文",
					"pathName": "pages/introduce/title",
					"query": "sectionid=101&idx=0&id=29"
				},
				{
					"id": 22,
					"name": "账单",
					"pathName": "pages/bond/bond",
					"query": "type=2"
				},
				{
					"id": 23,
					"name": "账单详情",
					"pathName": "pages/bond/bondDetail",
					"query": "id=54&type=2"
				},
				{
					"id": -1,
					"name": "分销中心",
					"pathName": "pages/commission/index",
					"query": ""
				},
				{
					"id": -1,
					"name": "优惠券",
					"pathName": "pages/coupun/coupun",
					"query": ""
				},
				{
					"id": -1,
					"name": "佣金明细",
					"pathName": "pages/commission/commissionlog",
					"query": ""
				},
				{
					"id": -1,
					"name": "优惠券中心",
					"pathName": "pages/coupun/getcoupon",
					"query": ""
				},
				{
					"id": 28,
					"name": "课程详情1",
					"pathName": "pages/introduce/section",
					"query": "sectiontype=3&idx=2&id=26"
				},
				{
					"id": 29,
					"name": "课程评论",
					"pathName": "pages/introduce/thComment",
					"query": "id=50"
				},
				{
					"id": -1,
					"name": "我的团队",
					"pathName": "pages/commission/team",
					"query": ""
				},
				{
					"id": -1,
					"name": "讲师平台帐号管理",
					"pathName": "pages/teacher/account",
					"query": ""
				},
				{
					"id": 32,
					"name": "讲师中心",
					"pathName": "pages/askTeacher/teachercenter",
					"query": ""
				},
				{
					"id": -1,
					"name": "收入",
					"pathName": "pages/teacher/money",
					"query": ""
				},
				{
					"id": -1,
					"name": "讲师收入提现记录",
					"pathName": "pages/teacher/lessoncashlog",
					"query": ""
				},
				{
					"id": 35,
					"name": "提现",
					"pathName": "pages/cash/cash",
					"query": "idx=2"
				},
				{
					"id": -1,
					"name": "课程优惠码转换",
					"pathName": "pages/coupun/changeCoupun",
					"query": ""
				},
				{
					"id": 37,
					"name": "海报",
					"pathName": "pages/commission/qrcode",
					"query": "uid=27&uniacid=1"
				},
				{
					"id": -1,
					"name": "测试",
					"pathName": "pages/index/index",
					"query": "scene=3"
				},
				{
					"id": 39,
					"name": "课程评论3",
					"pathName": "pages/introduce/section",
					"query": "sectionid=81&sectiontype=1&idx=0&id=22"
				},
				{
					"id": -1,
					"name": "其他",
					"pathName": "pages/classindex/classindex",
					"query": ""
				},
				{
					"id": -1,
					"name": "详细章节",
					"pathName": "pages/introduce/title",
					"query": "sectionid=182&idx=0&id=73",
					"scene": null
				},
				{
					"id": 42,
					"name": "视频",
					"pathName": "pages/introduce/section",
					"query": "sectionid=205&sectiontype=1&idx=0&id=84",
					"scene": null
				},
				{
					"id": -1,
					"name": "xx",
					"pathName": "pages/livebroadcast/curriculumList/index",
					"query": "cate_id=15&id=41",
					"scene": null
				},
				{
					"id": -1,
					"name": "积分",
					"pathName": "pages/introduce/confirm",
					"query": "id=78&spec_id=464",
					"scene": null
				},
				{
					"id": -1,
					"name": "我的预约",
					"pathName": "pages/myLive/index",
					"query": "",
					"scene": null
				},
				{
					"id": -1,
					"name": "回复",
					"pathName": "pages/introduce/thComment",
					"query": "id=121",
					"scene": null
				},
				{
					"id": -1,
					"name": "用户协议",
					"pathName": "pages/agreement/index",
					"query": "",
					"scene": null
				},
				{
					"id": 48,
					"name": "评价",
					"pathName": "pages/evaluate/index",
					"query": "item=%7B%22id%22%3A%22zm0g5Jn1Kc%22%2C%22title%22%3A%22%E6%88%91%E6%98%AF%E6%8A%80%E6%9C%AF%E5%9C%A8%E6%B5%8B%E8%AF%9512.09%22%2C%22num%22%3A0%2C%22pic%22%3A%22https%3A%2F%2F3680.yesswl.top%2Fattachment%2Fimages%2F7%2F2019%2F09%2FDnbSGUfPiS5NFGCdnhIecfiXf10G8S.png%22%2C%22ctx%22%3A%22training%22%2C%22authcode%22%3A%22%22%2C%22site%22%3A%2251cedu.gensee.com%22%2C%22liveDemo%22%3Atrue%2C%22status%22%3A%222%22%7D",
					"scene": null
				},
				{
					"id": -1,
					"name": "详情cate_id=23&id=83",
					"pathName": "pages/livebroadcast/curriculumList/index",
					"query": "cate_id=23&id=83",
					"scene": null
				},
				{
					"id": 50,
					"name": "课程详情",
					"pathName": "pages/introduce/section",
					"query": "id=93&idx=1&sectionid=212&sectiontype=1",
					"scene": null
				},
				{
					"id": -1,
					"name": "其中播放页面",
					"pathName": "pages/introduce/section",
					"query": "sectionid=440&sectiontype=1&idx=0&id=127",
					"scene": null
				},
				{
					"id": 52,
					"name": "看视频",
					"pathName": "pages/introduce/section",
					"query": "sectionid=742&sectiontype=1&idx=0&id=135",
					"scene": null
				},
				{
					"id": -1,
					"name": "二维码",
					"pathName": "pages/commission/qrcode",
					"query": "uid=2354252&uniacid=7",
					"scene": null
				},
				{
					"id": 54,
					"name": "pages/vodDemo/vodDemo",
					"pathName": "pages/vodDemo/vodDemo",
					"query": "item={\"id\":\"u9OKeTnaoV\",\"site\":\"51cedu.gensee.com\",\"title\":\"变更管理（试讲）1\",\"pic\":\"https://zlx.51cedu.com/attachment/images/7/2020/02/HbrG9feIhH99tje9RLLHEbhg9IY99l.png\",\"ctx\":\"training\",\"authcode\":\"\",\"k\":\"\",\"time\":\"00:14:45\",\"vodDemo\":true}",
					"scene": null
				},
				{
					"id": -1,
					"name": "pages/introduce/index",
					"pathName": "pages/introduce/index",
					"query": "id=130",
					"scene": null
				},
				{
					"id": -1,
					"name": "pages/introduce/section",
					"pathName": "pages/introduce/section",
					"query": "sectionid=1288&sectiontype=1&idx=0&id=127",
					"scene": null
				},
				{
					"id": 58,
					"name": "学习记录",
					"pathName": "pages/myRecord/index",
					"query": "",
					"scene": null
				}
			]
		}
	}
}